{
    "selected_ugvs": [
        1051,
        458,
        1389,
        133
    ],
    "selected_beacons": [
        161,
        114
    ],
    "num_uavs": 7,
    "cost": 97672.31288944444,
    "time": 95.31666666666666,
    "energy": 130055040.0,
    "success": true,
    "seed": 7068
}